0.000000000000000000e+00,0.000000000000000000e+00,0.000000000000000000e+00,0.000000000000000000e+00,0.000000000000000000e+00,0.000000000000000000e+00
-3.033069174682984759e+00,-1.210754268992921601e+00,-2.301704068638845690e+00,-2.473679236068490273e+00,1.622614669999964843e+00,-7.909483977196049231e+00
1.281812248051675152e+00,1.212469988769314444e+00,1.598226489618022050e-01,1.238378636322043480e+00,7.714699999999957925e+00,-5.769205721651408325e+00
-1.576033682620610499e+00,-8.253298822225185738e-01,-2.249538084126453619e+00,-6.274222123711884480e-01,2.914016299999961923e+00,-8.065351847913786898e+00
-5.102041854797356280e+00,-5.859373999778576092e+00,-5.855552085970646914e+00,-5.868553514405398630e+00,-1.021726384680455446e+01,-7.638271811873806882e+00
0.000000000000000000e+00,0.000000000000000000e+00,0.000000000000000000e+00,0.000000000000000000e+00,0.000000000000000000e+00,0.000000000000000000e+00
-5.087194830139963209e+00,-5.685353766119992436e+00,-5.670769787793122241e+00,-5.675961031174250770e+00,-7.521779953715976852e+00,-9.521640605698875603e+00
-4.826562319138386847e+00,-4.835937634295639498e+00,-3.303052105039703701e+00,-4.854644459330049955e+00,-1.044680961258418961e+01,-7.526567787074472271e+00
1.442926116765519851e+00,-3.230689182119136582e+00,-3.272092670484477495e+00,-2.990888243511168110e+00,-9.270671771543314676e+00,-7.629871780911836154e+00
-2.603184096105002343e+00,-5.190453683570179777e+00,-5.212217758981349647e+00,-5.210597669360471862e+00,-1.054090872542047208e+01,-1.014904895174244714e+01
0.000000000000000000e+00,0.000000000000000000e+00,0.000000000000000000e+00,0.000000000000000000e+00,0.000000000000000000e+00,0.000000000000000000e+00
-1.997920984203821693e+00,-4.917960293348559553e+00,-4.881602610630458194e+00,-4.880639479511255097e+00,-7.501159164000501534e+00,-9.603536134748186015e+00
-5.504927070173151193e+00,-5.541518238359753212e+00,-4.382537134118106081e+00,-5.521683747319690028e+00,-1.139488891850300689e+01,-1.052440501510904980e+01
-3.043481121824898050e+00,-4.467284968732379014e+00,-4.484595644243341894e+00,-4.502651237888282587e+00,-7.877034044776877408e+00,-7.796629596668885220e+00
-5.441412327330525045e+00,-5.468084733933851638e+00,-4.122485187731779632e+00,-5.462644415560111710e+00,-8.883361478108737330e+00,-1.062995861360082905e+01
0.000000000000000000e+00,0.000000000000000000e+00,0.000000000000000000e+00,0.000000000000000000e+00,0.000000000000000000e+00,0.000000000000000000e+00
1.334383791635842798e+01,1.582772406190849956e+01,8.145601095160412086e+00,1.421574014255108587e+01,6.100521735793400957e+00,1.999999999999998579e+01
2.914016299999961923e+00,-3.732571527355634800e-01,-2.884426453441694793e+00,-8.539474538431878203e-01,-7.545532691117468715e+00,-9.168070985346814528e-01
9.682999999999957197e+00,3.723105315946793059e+00,-7.790974782137835009e-01,4.108755576021881240e+00,-2.999146643618464392e+00,-2.765514877270888183e-01
4.348906999999959666e+00,-5.766326263106491545e-01,-1.160817702029246945e+00,-5.766817954312546401e-01,-8.211968633918633742e+00,5.606194322581550260e-01
0.000000000000000000e+00,0.000000000000000000e+00,0.000000000000000000e+00,0.000000000000000000e+00,0.000000000000000000e+00,0.000000000000000000e+00
-3.640551666445679402e+00,-3.880429167429488846e+00,-3.926672312367682327e+00,4.189750046128403738e-01,-7.860134968286794255e+00,-8.302014267638039513e+00
-2.384504688462750543e+00,-1.767874723065965048e+00,-2.427174613765695543e+00,5.874991363216226503e+00,-6.598846557662490397e+00,-7.754361206122865724e+00
-3.281764739924295071e+00,-3.291843428181125297e+00,-3.349794530738152254e+00,1.507206362458593407e+00,-5.688841617837089970e+00,-8.002751016834711351e+00
-4.599097639815139082e+00,-5.711286812236936683e+00,-5.765851129021171140e+00,-5.752523953429047765e+00,-7.337017156818349761e+00,-9.648399689691247616e+00
0.000000000000000000e+00,0.000000000000000000e+00,0.000000000000000000e+00,0.000000000000000000e+00,0.000000000000000000e+00,0.000000000000000000e+00
-4.529476454866498969e+00,-5.568112435994801324e+00,-5.592939906395202776e+00,-5.600941843710259604e+00,-8.699839835436907975e+00,-8.745030458608960444e+00
-2.378170269995064423e+00,-4.631927140730404346e+00,-4.782083154350607046e+00,-4.793619024180031829e+00,-9.045925727088750534e+00,-7.341237674788538392e+00
-1.213492849322686529e-01,-3.378024356604850453e+00,-3.393811711714997514e+00,-3.384262848277575397e+00,-6.779367586107998278e+00,-8.508037072962741476e+00
-3.508727212264360240e+00,-5.265371136390760043e+00,-5.278983992294974392e+00,-5.266629652030184516e+00,-7.911672727263046490e+00,-9.112736485484928650e+00
0.000000000000000000e+00,0.000000000000000000e+00,0.000000000000000000e+00,0.000000000000000000e+00,0.000000000000000000e+00,0.000000000000000000e+00
-2.502810912809837696e+00,-4.925802003766181159e+00,-4.814885751536567504e+00,-4.902648330529981280e+00,-1.064478800208484088e+01,-9.355949199866312682e+00
-3.202286279578519856e+00,-5.478213544178653471e+00,-5.437918011220017611e+00,-5.442841303903446004e+00,-1.012281528211374493e+01,-1.008492503617655700e+01
-1.836379658161898298e+00,-4.446915061254101076e+00,-4.464828216134560712e+00,-4.432299637999491004e+00,-6.080542892026741697e+00,-5.335849795785468253e+00
-3.157403362325825746e+00,-5.312833383203757975e+00,-5.180331209443276741e+00,-5.296339195691069257e+00,-7.549535377395340419e+00,-1.160174216494863941e+01
0.000000000000000000e+00,0.000000000000000000e+00,0.000000000000000000e+00,0.000000000000000000e+00,0.000000000000000000e+00,0.000000000000000000e+00
7.001943648460702274e-01,3.303940147978411401e-01,-1.000000000000000056e-01,1.469034529586508953e+01,-1.865908000000000122e+00,0.000000000000000000e+00
-9.160406890922976331e-01,-2.612648552991320816e+00,-2.679835852130278084e+00,-2.636741526669421187e+00,-8.581990314512932372e+00,-5.715153813936002969e+00
3.299130968326233759e+00,-1.408790347438626966e+00,-1.304566834501814210e+00,-1.343703614701756699e+00,-4.292938380286326350e+00,-5.492783311761508358e+00
2.534626848343711547e+00,-1.785229059395406326e+00,-2.092308311174360114e+00,-2.025456776294133121e+00,-4.870566251674837588e+00,-8.054684125921140136e+00
0.000000000000000000e+00,0.000000000000000000e+00,0.000000000000000000e+00,0.000000000000000000e+00,0.000000000000000000e+00,0.000000000000000000e+00
-3.898608208713802092e+00,-5.515982002016606600e+00,-5.546900103837488771e+00,-5.550249152284767007e+00,-9.915053854677946532e+00,-9.282156742038234043e+00
-1.162219735742125115e+00,-4.157591835057391272e+00,-4.151609659341070291e+00,-4.183908935093390014e+00,-9.067133196645364990e+00,-9.398890460820283010e+00
-3.285232572397892348e+00,-5.058421431239109367e+00,-5.021054966386053309e+00,-5.033070363916528400e+00,-1.052484226504277487e+01,-9.244823009977025663e+00
-3.972861183365743898e+00,-3.879886044720155081e+00,-9.178222541340544938e-01,-3.902348591517686316e+00,-8.663196773663376149e+00,-7.814024259300875741e+00
0.000000000000000000e+00,0.000000000000000000e+00,0.000000000000000000e+00,0.000000000000000000e+00,0.000000000000000000e+00,0.000000000000000000e+00
-4.069215237699373766e+00,-4.074618199578607047e+00,-8.897343775085848616e-01,-4.066309618988077190e+00,-8.149488581184897384e+00,-8.703609101525108471e+00
-2.592838838831205805e+00,-2.903133455181830858e+00,2.726782067576271285e+00,-2.872616352413801977e+00,-7.880051755575091299e+00,-7.508988364891350464e+00
-7.769123123654123608e-01,-4.342548647507814330e+00,-4.366714983605682221e+00,-4.349385143816293819e+00,-9.334949409827411060e+00,-1.035453917629880571e+01
-4.009482713745823546e+00,-5.928925724541029396e+00,-5.919785638129651417e+00,-5.924829708901697245e+00,-1.033436093242142206e+01,-7.801271738820723556e+00
0.000000000000000000e+00,0.000000000000000000e+00,0.000000000000000000e+00,0.000000000000000000e+00,0.000000000000000000e+00,0.000000000000000000e+00
-3.494414279557526370e+00,-5.524480015203393712e+00,-5.570915751123129311e+00,-5.537414770121717567e+00,-1.020256587698267481e+01,-9.236088026202814660e+00
-2.883765329485521889e+00,-4.699222111592591844e+00,-4.708255717028225540e+00,-4.729489510557772114e+00,-1.060444579157272393e+01,-9.354612442593857935e+00
-3.572938849990756616e+00,-3.622647064852265064e+00,-9.663677952794258452e-01,-3.580932717958228650e+00,-5.533065593730180254e+00,-7.359748746272922304e+00
-4.635532393577107335e+00,-4.651015233179474073e+00,-2.593076083293939682e+00,-4.667865676748771619e+00,-8.708166466156287200e+00,-9.157428374876126043e+00
0.000000000000000000e+00,0.000000000000000000e+00,0.000000000000000000e+00,0.000000000000000000e+00,0.000000000000000000e+00,0.000000000000000000e+00
-3.197163063065541211e-01,-2.102971392124779015e+00,-2.130133468209943981e+00,-2.165190199249486636e+00,-8.774849931791132818e+00,-5.623876667868208834e+00
-5.264051836291571140e-01,-3.591312166000000250e-01,1.099591731767311487e+01,-2.962000000000000188e-01,-1.000000000000000000e+00,-1.917969778000000014e+00
2.823578548676676458e+00,-1.944027609440864168e+00,-1.927397563105272216e+00,-1.973324545656718332e+00,-5.544940100724161880e+00,-6.099866343833933335e+00
-1.007871898435452884e+00,-1.046617457412835739e+00,2.929171035714431159e+00,-1.043010773535191227e+00,-3.537689743821407440e+00,-3.532224477264723106e+00
0.000000000000000000e+00,0.000000000000000000e+00,0.000000000000000000e+00,0.000000000000000000e+00,0.000000000000000000e+00,0.000000000000000000e+00
-4.465763803631218387e+00,-5.638092772938836816e+00,-5.641410813563021875e+00,-5.635018413661082803e+00,-7.407663966633035280e+00,-9.732169536889035300e+00
-1.531338279303275263e+00,-4.270802426071009350e+00,-4.377387245727612175e+00,-4.352828457437424525e+00,-9.669193064510633207e+00,-1.033755647200365502e+01
-3.936306840484876890e+00,-5.202631555497768012e+00,-5.187289936576295446e+00,-5.165318903258638628e+00,-1.010233249218572027e+01,-5.782307110938579520e+00
-3.597751110385997819e+00,-3.866686398705962979e+00,4.563371678962905298e-01,-3.816727273294646672e+00,-7.649490525804560903e+00,-9.504740169724975374e+00
0.000000000000000000e+00,0.000000000000000000e+00,0.000000000000000000e+00,0.000000000000000000e+00,0.000000000000000000e+00,0.000000000000000000e+00
-3.771870778554484271e+00,-3.802822645222751152e+00,4.566405882082841816e-01,-3.808343721628175249e+00,-8.419602313791989090e+00,-8.634709015881670169e+00
-1.417048344015626737e+00,-6.480059815486940433e-01,4.348906999999959666e+00,-1.268478252500814030e+00,-6.971084328149275144e+00,-6.930579891037010221e+00
-1.758037122867876834e+00,-4.431706076488175050e+00,-4.424821993638697215e+00,-4.399797852742122650e+00,-7.592618963703969825e+00,-9.471163638109585392e+00
-4.487000652358699604e+00,-5.977709115623461855e+00,-6.011126232033081607e+00,-5.859566321139352496e+00,-6.554403490641663055e+00,-1.022999453428240813e+01
0.000000000000000000e+00,0.000000000000000000e+00,0.000000000000000000e+00,0.000000000000000000e+00,0.000000000000000000e+00,0.000000000000000000e+00
-3.891340420756330243e+00,-5.561585783638922642e+00,-5.647326779513156758e+00,-5.638143379855867110e+00,-9.205871440595164046e+00,-1.066054110426571988e+01
-1.768330319552589680e+00,-4.662652803939187685e+00,-4.625706998737784126e+00,-4.645715858154315647e+00,-9.419881335137134215e+00,-1.032990333917186732e+01
4.553654734199057419e-01,-3.442625264099591131e+00,-3.459055640708955437e+00,-3.464278078182929210e+00,-6.501813427585839023e+00,-3.833137563234729317e+00
-1.530260764829127540e+00,-4.487814243593454044e+00,-4.456731955612565521e+00,-4.583931172443702629e+00,-1.036662367731810619e+01,-8.538463250262379844e+00
0.000000000000000000e+00,0.000000000000000000e+00,0.000000000000000000e+00,0.000000000000000000e+00,0.000000000000000000e+00,0.000000000000000000e+00
4.348906999999959666e+00,9.951803043831941586e-02,4.940717712512320281e-01,-2.352976251087389503e+00,-7.444263802518953810e+00,-7.122046748220202339e+00
1.092146692925132356e+01,1.317840456173853525e+01,1.699999999999997158e+01,4.494027888550711225e+00,4.537684653211838004e+00,4.685410124843842894e+00
4.348906999999959666e+00,-1.256586933358923908e+00,-2.593294332520241774e-01,-8.246739515880806559e-01,-7.054081244419522001e+00,-7.382918240140871724e+00
9.682999999999957197e+00,4.347239943064969303e+00,1.418197215783798537e+00,-6.527845186455837334e-01,-2.994271203534606851e+00,-1.917200825789851626e+00
0.000000000000000000e+00,0.000000000000000000e+00,0.000000000000000000e+00,0.000000000000000000e+00,0.000000000000000000e+00,0.000000000000000000e+00
-5.777395841736531423e+00,-5.820375425737552177e+00,-5.777591960610330979e+00,-5.257160467512830948e+00,-1.016680670181102641e+01,-9.703686310878435251e+00
-4.605695922107316598e+00,-4.640334016348518276e+00,-4.653713726340513723e+00,-2.616583474243514118e+00,-1.087963921094041098e+01,-1.106372550604727678e+01
-4.620825998085871689e+00,-5.348814844131206669e+00,-5.354324079649068757e+00,-5.287432300636279336e+00,-9.104860887759130605e+00,-1.065384150597409452e+01
-2.497492550723768190e+00,-1.379939348512978281e+00,-6.372087894268388952e-01,-2.485893788558954487e+00,1.622614669999964843e+00,-7.659965859905080166e+00
0.000000000000000000e+00,0.000000000000000000e+00,0.000000000000000000e+00,0.000000000000000000e+00,0.000000000000000000e+00,0.000000000000000000e+00
-2.018240796608598675e+00,-1.220286726608024619e+00,-7.096518654862318254e-01,-2.493147053609029662e+00,1.622614669999964843e+00,-9.401503655872319953e+00
-1.637480152238546260e-02,4.342486828571825996e-01,4.638088686863930388e-01,2.425431076952390685e-01,5.943229999999958935e+00,-6.603373565845376270e+00
-2.687534413384199627e+00,-4.628138076577645421e+00,-4.622684846109534007e+00,-4.579189812971875995e+00,-7.538757383292813863e+00,-6.860655269900012954e+00
-6.055074603789981857e+00,-6.053938598299553497e+00,-6.070872895655985424e+00,-5.449054236596845513e+00,-9.442410776846049458e+00,-9.396003185474674169e+00
0.000000000000000000e+00,0.000000000000000000e+00,0.000000000000000000e+00,0.000000000000000000e+00,0.000000000000000000e+00,0.000000000000000000e+00
-4.527021953056534542e+00,-5.868042001217739667e+00,-5.852660461297952921e+00,-5.820246930428683463e+00,-9.699826990255733250e+00,-8.270641757524796134e+00
-2.764037917193262750e+00,-4.554872022707776580e+00,-4.642092069572278490e+00,-4.617057819934709428e+00,-1.014150319647388088e+01,-1.074211597216879355e+01
-8.173089016337922175e-01,-3.420278482264142550e+00,-3.216835265749712125e+00,-3.419471007014593500e+00,-5.246459865963837288e+00,-9.080553684580388918e+00
-2.991365175428858603e+00,-4.586755531781213868e+00,-4.611988318142053345e+00,-4.457245481025272404e+00,-8.039850794231906406e+00,-8.992749720249841872e+00
0.000000000000000000e+00,0.000000000000000000e+00,0.000000000000000000e+00,0.000000000000000000e+00,0.000000000000000000e+00,0.000000000000000000e+00
-1.396806994919009171e+00,-5.267302516466207951e-01,-5.100088197088338271e-01,2.914016299999961923e+00,-8.000088599867787309e+00,-4.622284148152626115e-01
1.292657576822541898e+01,1.435417231559828011e+01,1.477346625274085312e+01,1.269596745161450357e+01,7.715509142761494132e+00,1.999999999999998579e+01
-6.995875741213277710e-01,-4.818221271732548994e-01,2.416463861984592953e-01,2.914016299999961923e+00,-7.660980801923589212e+00,-1.627453137979570474e+00
1.157457946894744572e+00,5.609940659638336102e-01,3.474240119355346490e+00,7.714699999999957925e+00,-4.688725232844338286e+00,1.844139164547081267e+00
0.000000000000000000e+00,0.000000000000000000e+00,0.000000000000000000e+00,0.000000000000000000e+00,0.000000000000000000e+00,0.000000000000000000e+00
-2.794521641391498168e+00,4.603532029999681807e-01,-3.153582372622823371e+00,-3.025365266096572636e+00,-6.881048855122055663e+00,-8.120550611049418777e+00
-1.051675648502504279e+00,5.943229999999958935e+00,7.968508706076783410e-01,3.000572356569529142e-01,-5.947161489032861681e+00,-5.623825670406354504e+00
-2.056642950732941344e+00,1.622614669999964843e+00,-2.726471810931574424e+00,-1.205854078354051229e+00,-8.783950563775727360e+00,-7.063593950735731042e+00
-4.445473292469298343e+00,-5.770574135973876473e+00,-5.674585167229730942e+00,-5.677624886393235926e+00,-1.063109836048389667e+01,-1.082067735603302161e+01
0.000000000000000000e+00,0.000000000000000000e+00,0.000000000000000000e+00,0.000000000000000000e+00,0.000000000000000000e+00,0.000000000000000000e+00
-5.497823234904181788e+00,-5.577970145765692500e+00,-4.449142536485944710e+00,-5.515029362493250709e+00,-9.026687026532920655e+00,-1.044443497614250660e+01
-4.400255267512543256e+00,-4.668144968968579889e+00,-2.442076630141154059e+00,-4.674263802357309316e+00,-6.660901822364397873e+00,-5.303143708433593062e+00
2.911767122509159478e+00,-2.755607692689057586e+00,-2.913520510217887605e+00,-3.097984043551568867e+00,-7.945099836645029612e+00,-8.443549579955837103e+00
-1.532405547089682907e+00,-5.037040546499558680e+00,-5.036832693227268010e+00,-4.991798964482536682e+00,-8.580670453906469319e+00,-6.223144869010004854e+00
0.000000000000000000e+00,0.000000000000000000e+00,0.000000000000000000e+00,0.000000000000000000e+00,0.000000000000000000e+00,0.000000000000000000e+00
-5.941810868426263825e-01,-4.688550826969361651e+00,-4.612844801377668169e+00,-4.298903802101261107e+00,-1.079935888294178881e+01,-7.978944788934713372e+00
-5.303530699132748438e+00,-5.334744501194949251e+00,-3.225885046496926201e+00,-5.192704549703919703e+00,-8.395010729585832721e+00,-1.013135560009301273e+01
-1.564399413924204785e+00,-4.318776903894521624e+00,-4.310090053298106127e+00,-4.350442305883825966e+00,-8.971941076057371234e+00,-8.338922049253996605e+00
-5.227383123688738920e+00,-5.254751639955535403e+00,-3.191641510352821509e+00,-5.231229084296122878e+00,-1.057971766514660317e+01,-9.685916170762013166e+00
0.000000000000000000e+00,0.000000000000000000e+00,0.000000000000000000e+00,0.000000000000000000e+00,0.000000000000000000e+00,0.000000000000000000e+00
1.078397203959563022e+01,1.699999999999997158e+01,9.324058310279411899e+00,1.274018587654045831e+01,4.796762356229749891e+00,4.864891894708542885e+00
4.348906999999959666e+00,-3.606220201689348537e-01,-6.016392544136994758e-03,-6.038556326080507519e-02,-7.182430329205941710e+00,-7.067188304731894632e+00
1.186999999999996191e+01,3.108045912826487456e+00,3.000607426015240886e+00,5.207412480333204918e+00,-2.064928633592998164e+00,-3.210114257369649060e+00
5.943229999999958935e+00,1.030026315694681172e+00,1.172066257083731688e+00,6.523618388761595055e-01,-6.621755229713274460e+00,-5.669775913564843783e+00
0.000000000000000000e+00,0.000000000000000000e+00,0.000000000000000000e+00,0.000000000000000000e+00,0.000000000000000000e+00,0.000000000000000000e+00
-3.584444298105964766e+00,-2.615694041436432471e+00,-2.489003138435902596e+00,-5.856821173000290592e-01,-8.949889076932771914e+00,-1.064665802093341895e+01
-5.120687658679790033e-02,-5.470969153790433692e-01,-2.293764974987236305e-01,4.348906999999959666e+00,-7.184816126710856565e+00,-7.201522067581339392e+00
-3.184397879967442169e+00,-2.145601319604326207e+00,-1.701288047693106931e+00,4.603532029999681807e-01,-8.487871656209888371e+00,-9.378856010193642234e+00
-3.829511223996381108e+00,-5.559440350865384239e+00,-5.547648198776096606e+00,-5.588744547462602519e+00,-9.996771021821965419e+00,-8.751122941308675962e+00
0.000000000000000000e+00,0.000000000000000000e+00,0.000000000000000000e+00,0.000000000000000000e+00,0.000000000000000000e+00,0.000000000000000000e+00
-3.823294917770897250e+00,-5.396413082919043980e+00,-5.421317930478134706e+00,-5.401654273865123201e+00,-9.765476971352949676e+00,-9.191003217721727125e+00
-1.527118669492179892e+00,-4.520023199867330810e+00,-4.275187301889996405e+00,-4.288781562608987130e+00,-8.938492799296755109e+00,-9.855094294242721986e+00
1.614800612187879070e+00,-3.327864284507268344e+00,-3.253647449177533790e+00,-3.270834331458938316e+00,-7.601821538795338284e+00,-4.406306938898618242e+00
-2.384285220368624891e+00,-5.236377244270284059e+00,-4.957962216758243557e+00,-4.866595256537756597e+00,-9.443402075811313523e+00,-8.353601172230085581e+00
0.000000000000000000e+00,0.000000000000000000e+00,0.000000000000000000e+00,0.000000000000000000e+00,0.000000000000000000e+00,0.000000000000000000e+00
-1.529574358960021474e+00,-4.503616062902088046e+00,-4.717650902681924663e+00,-4.747252758184106192e+00,-9.728780924305954869e+00,-1.035793894227520262e+01
-2.374481803414894010e+00,-5.158450617560640161e+00,-5.199543772080651216e+00,-5.207613306216376969e+00,-1.006379669048829228e+01,-1.073644780644224994e+01
-5.970207919164959298e-01,-4.232555384115663344e+00,-4.187308869666907185e+00,-4.157446609581009866e+00,-8.497700331061231793e+00,-7.458854912496219569e+00
-2.374412107215787771e+00,-5.052377817839558638e+00,-4.936854662579349906e+00,-4.832584156736784209e+00,-1.122757376869624224e+01,-9.940613859773849370e+00
0.000000000000000000e+00,0.000000000000000000e+00,0.000000000000000000e+00,0.000000000000000000e+00,0.000000000000000000e+00,0.000000000000000000e+00
-5.716965439000000204e-01,4.083245675342009329e-02,-3.910607172387145503e-01,1.392590178279316682e+01,-3.497511181960000215e+00,-3.512634491080000032e+00
4.963098433286993405e+00,-2.391628656115635465e+00,-2.292045382749852589e+00,-2.420580417808208207e+00,-6.537540331704862595e+00,-7.894349488269787329e+00
-1.160953548661136203e+00,-9.497595910531819730e-01,-1.152069470450061806e+00,9.408084418388655834e+00,-7.581753445517307455e+00,-5.115193488982554548e+00
7.543417036608699888e+00,-1.722424561900587348e+00,-1.761429705830103387e+00,-5.195775000545392874e-01,-6.985092776669613812e+00,-7.411603329718597699e+00
0.000000000000000000e+00,0.000000000000000000e+00,0.000000000000000000e+00,0.000000000000000000e+00,0.000000000000000000e+00,0.000000000000000000e+00
-3.136962276170838226e+00,-5.344017677178972470e+00,-5.332172954023214118e+00,-5.325238964841895850e+00,-9.405582489622705822e+00,-1.032087817838456800e+01
4.603531849004903753e-01,-3.960576908869794632e+00,-3.778106090134815354e+00,-2.823095114194216659e+00,-1.003635343173641559e+01,-6.241314503987439366e+00
-2.378095050814066802e+00,-4.806344415187895791e+00,-4.834997835031479063e+00,-4.831546919780571159e+00,-1.039209866333830057e+01,-1.031974867478449909e+01
-4.192796851653885604e+00,-3.806245777596521496e+00,-1.527113905570026908e+00,-4.105850346275598639e+00,-6.158482658580009428e+00,-6.839374370617702148e+00
0.000000000000000000e+00,0.000000000000000000e+00,0.000000000000000000e+00,0.000000000000000000e+00,0.000000000000000000e+00,0.000000000000000000e+00
-4.344023552966862489e+00,-4.035893228244609610e+00,-1.527113905570026908e+00,-3.317719511450994307e+00,-9.359968177280888924e+00,-1.032379594418968516e+01
-2.744542534517944610e+00,-3.221096523063655237e+00,1.554254368078062720e+00,-2.914334405620157220e+00,-6.588845080368080254e+00,-9.257909086281950195e+00
4.569263679180443072e-01,-4.183602673495155244e+00,-4.114232490850083579e+00,-4.154703427193758181e+00,-8.209166080355572603e+00,-7.619667202064923650e+00
-3.145822573001053613e+00,-5.674075311283250045e+00,-5.669888797270961511e+00,-5.772595226662423862e+00,-8.923507564910860168e+00,-1.039691847387803669e+01
0.000000000000000000e+00,0.000000000000000000e+00,0.000000000000000000e+00,0.000000000000000000e+00,0.000000000000000000e+00,0.000000000000000000e+00
-2.381782757260975103e+00,-5.358018532569889913e+00,-5.367919562975335346e+00,-5.396332920733074801e+00,-1.087376205624534009e+01,-1.036624811469973473e+01
-1.551405563037904223e+00,-4.653190730851259005e+00,-4.325515523035660337e+00,-4.640824867938088794e+00,-1.022735034760990125e+01,-8.415591994808453435e+00
-3.093624159136449503e+00,-3.499056942208530252e+00,3.418675578623662226e-01,-3.533646782755092364e+00,-6.671092873179583549e+00,-6.818850673394701190e+00
-4.466415834802372586e+00,-4.502952654232487362e+00,-1.563477436168353885e+00,-4.472630379422893654e+00,-8.407415906564988717e+00,-1.026919953476528669e+01
0.000000000000000000e+00,0.000000000000000000e+00,0.000000000000000000e+00,0.000000000000000000e+00,0.000000000000000000e+00,0.000000000000000000e+00
7.287568326421213882e+00,-1.898404430629971662e+00,-1.848370940655690964e+00,-1.879302737371912446e+00,-5.002182535773012972e+00,-6.072425509891880679e+00
9.390750647899361869e-01,-6.692547356200000408e-01,1.080037513932719939e+01,-7.580195104886207069e-01,-3.531202624551728508e+00,-3.947027921919744831e+00
7.345997735010755925e+00,-1.678840515780348541e+00,-1.711981410389811442e+00,-1.166109775308757701e+00,-8.322482079033960645e+00,-8.571007987237782899e+00
-9.260749614073648939e-01,-9.095794880152232587e-01,7.028002548798433224e+00,-8.424420332319967342e-01,-4.197196386099999899e+00,-3.513270529000000142e+00
0.000000000000000000e+00,0.000000000000000000e+00,0.000000000000000000e+00,0.000000000000000000e+00,0.000000000000000000e+00,0.000000000000000000e+00
-5.169113698039891958e+00,-5.508091337730675718e+00,-5.471350068286891855e+00,-3.823291657515934361e+00,-6.435496408385042777e+00,-1.050677087059793990e+01
-3.490393295314589750e+00,-4.212351915807722946e+00,-4.142514156973865269e+00,-5.856895969930488999e-01,-1.048692774144847562e+01,-9.696196357795647813e+00
-3.136997463942438280e+00,-5.001696454076889786e+00,-5.071422612517244133e+00,-5.010386396310817503e+00,-9.321694449193024923e+00,-1.111646648183170605e+01
-3.606070267641442673e+00,-2.968341321169986280e+00,-5.856821173000290592e-01,-3.426021485708085734e+00,-1.002509891271632014e+01,-9.272860833257977831e+00
0.000000000000000000e+00,0.000000000000000000e+00,0.000000000000000000e+00,0.000000000000000000e+00,0.000000000000000000e+00,0.000000000000000000e+00
-3.990386457052158775e+00,-3.181700137734806422e+00,-5.856821173000290592e-01,-3.389834972657349788e+00,-7.488298323773916465e+00,-8.871605333352407641e+00
-1.082544630195953816e+00,2.914016299999961923e+00,-2.270759215530132380e+00,-2.124598364156684571e+00,-6.818199218865000688e+00,-7.133360308932974014e+00
-5.932982451996714479e-01,-4.126458208210569190e+00,-4.093771310849462886e+00,-4.268150343750974685e+00,-7.372476298410933992e+00,-8.107813384706009430e+00
-3.823941434134699779e+00,-5.885315719326211337e+00,-5.810446384158945321e+00,-5.720555679903247537e+00,-1.002530607517798344e+01,-9.603679936455966626e+00
0.000000000000000000e+00,0.000000000000000000e+00,0.000000000000000000e+00,0.000000000000000000e+00,0.000000000000000000e+00,0.000000000000000000e+00
-3.136964608476716432e+00,-5.549086737495078303e+00,-5.396437197457635726e+00,-5.139536846933405734e+00,-1.030991232115150602e+01,-1.122123388167594094e+01
-5.946465435394336918e-01,-4.321407422170669754e+00,-4.273392416889789658e+00,-4.290163879222094856e+00,-9.798901832505018561e+00,-1.071806045164522558e+01
1.622614660889153182e+00,-2.374706006438533024e+00,-2.979808295159722675e+00,-3.279504724562736229e+00,-7.352460633067543938e+00,-7.810584390345649553e+00
-5.856829090103554680e-01,-3.866853836071121542e+00,-4.398018795940800807e+00,-4.363152549453241491e+00,-1.108278964061809546e+01,-9.040739951635043070e+00
0.000000000000000000e+00,0.000000000000000000e+00,0.000000000000000000e+00,0.000000000000000000e+00,0.000000000000000000e+00,0.000000000000000000e+00
5.943229999999958935e+00,7.270893784538943194e-01,-6.854271662533947262e-01,1.574833452616751117e+00,-5.571904883930643315e+00,-5.953857770161554264e+00
8.423567348056042903e+00,1.429999999999996518e+01,1.332722079338325472e+01,5.182853744909798444e+00,2.442310552475130958e+00,2.571354684757749531e+00
5.943229999999958935e+00,7.974816045183797941e-01,-1.222648007021721828e+00,8.114712811125750491e-01,-5.143622699012498245e+00,-7.072164317888125495e+00
1.186999999999996191e+01,3.248586574215076794e+00,1.077155218262471514e+00,2.221278110942758177e-01,-1.234539277626872211e+00,-1.910064372272774147e+00
0.000000000000000000e+00,0.000000000000000000e+00,0.000000000000000000e+00,0.000000000000000000e+00,0.000000000000000000e+00,0.000000000000000000e+00
-5.643252436058173949e+00,-5.705136456795733224e+00,-5.684095651819852435e+00,-4.495480346590134957e+00,-9.374799129766723027e+00,-8.654780841315346862e+00
-4.432661313836570471e+00,-4.365741158429451652e+00,-4.338225347107716345e+00,-1.695532347466462308e+00,-9.043523208880214881e+00,-8.436234242880299661e+00
-5.070551950216587223e+00,-5.204179333390257511e+00,-5.092427897438535744e+00,-3.836415067984096261e+00,-8.974257224839965019e+00,-9.412414707464852981e+00
-2.928859140084060453e+00,4.603532029999681807e-01,-1.863681142036989424e+00,-2.601271246748417365e+00,-9.567037789837877781e+00,-7.930862197678211878e+00
0.000000000000000000e+00,0.000000000000000000e+00,0.000000000000000000e+00,0.000000000000000000e+00,0.000000000000000000e+00,0.000000000000000000e+00
-2.534095388831852702e+00,4.603532029999681807e-01,-3.198046114368341630e+00,-2.904185743529340336e+00,-9.378279477939962305e+00,-9.043014675242273981e+00
-2.365330940626287681e+00,4.348903641381061114e+00,-1.511039800473193306e+00,-1.776159135205561901e+00,-6.918488841365414643e+00,-6.713193859534383634e+00
-1.544319354646116471e+00,-4.365751509078378056e+00,-4.433329635432508908e+00,-4.425778733339449822e+00,-6.156727535213950553e+00,-8.985532395947824824e+00
-4.507926747941440659e+00,-5.995843140631700763e+00,-5.997235394404564879e+00,-5.982498465838321344e+00,-1.214138666055291083e+01,-9.222168770632629631e+00
0.000000000000000000e+00,0.000000000000000000e+00,0.000000000000000000e+00,0.000000000000000000e+00,0.000000000000000000e+00,0.000000000000000000e+00
-5.512964899139286779e+00,-5.666338209375791024e+00,-5.459899125197142489e+00,-3.826416447465223136e+00,-8.900356174601650849e+00,-9.401171260711192801e+00
-1.548092813372780263e+00,-4.532188190064950106e+00,-4.541455948673828402e+00,-4.542388129210590542e+00,-1.066176376820648208e+01,-8.469518752104347570e+00
-3.309706797724821126e+00,-3.184961460867171024e+00,-3.278320218454587209e+00,4.504450262054408571e-01,-6.547619202212777267e+00,-7.644472834943964124e+00
-1.557150639622858046e+00,-4.423542736674842324e+00,-4.422243096245962235e+00,-4.411128846953728200e+00,-9.880856797323883001e+00,-5.782136805627867915e+00
0.000000000000000000e+00,0.000000000000000000e+00,0.000000000000000000e+00,0.000000000000000000e+00,0.000000000000000000e+00,0.000000000000000000e+00
-2.380360646296654448e+00,-2.405155050480005219e+00,-2.453193531277242823e+00,3.026170352781533790e+00,-8.362458204022864550e+00,-6.092040223721614467e+00
-5.616945100000000357e-01,1.699800918391314397e+01,-3.529000000000000470e-01,9.277099999999969260e-01,-1.000000000000000000e+00,-1.192094890083658765e+00
-2.248377857807130287e+00,-2.296927662658405644e+00,-2.253636205633922529e+00,3.035926209853415880e+00,-4.723033084317934005e+00,-7.104966681963086117e+00
-9.833923957990406972e-01,-8.976627239095457123e-01,-1.029522236875120456e+00,7.372001933086965053e+00,-5.469594398181675921e+00,-6.762802493298151418e+00
0.000000000000000000e+00,0.000000000000000000e+00,0.000000000000000000e+00,0.000000000000000000e+00,0.000000000000000000e+00,0.000000000000000000e+00
-4.257393090537973990e+00,-5.858721335638674699e-01,-4.218482134720116683e+00,-4.393533296729767557e+00,-1.054196164339898978e+01,-8.974944602775307700e+00
-2.879641318191853205e+00,4.348780504345687525e+00,-2.460630501074063226e+00,-2.309672446967199200e+00,-6.105999097933975328e+00,-6.859242385697055688e+00
-3.823088291621984158e+00,4.602823768021501172e-01,-3.555738104645111530e+00,-3.236736150760620934e+00,-8.941346650482136837e+00,-8.469547707234820422e+00
-5.580941908269791085e+00,-5.471813954321299356e+00,-3.823266902716482285e+00,-5.449254643236221440e+00,-9.617099808451984089e+00,-1.038700935578246920e+01
0.000000000000000000e+00,0.000000000000000000e+00,0.000000000000000000e+00,0.000000000000000000e+00,0.000000000000000000e+00,0.000000000000000000e+00
-5.402438553836508284e+00,-5.383748734136588610e+00,-3.823567874655036114e+00,-5.386437052890018506e+00,-9.370951277953803782e+00,-8.252445680136229811e+00
-4.407469900298847776e+00,-4.285280812117036042e+00,-1.527208705197938832e+00,-3.996045352617823898e+00,-8.574461376577314553e+00,-8.311705605186098467e+00
4.348906999999959666e+00,-6.999373306908265313e-01,-6.080040366302820187e-01,-2.022266310368770359e+00,-6.798685238635021832e+00,-6.593622603951979855e+00
-5.856821173000290592e-01,-3.891366763029437070e+00,-3.577247842552525370e+00,-3.256685343102327934e+00,-1.061645859491649801e+01,-9.819360616899762917e+00
0.000000000000000000e+00,0.000000000000000000e+00,0.000000000000000000e+00,0.000000000000000000e+00,0.000000000000000000e+00,0.000000000000000000e+00
4.603532029999681807e-01,-3.618375221314917844e+00,-2.760780733348326965e+00,-2.594543991045955345e+00,-9.425466765088915011e+00,-9.470286885179874048e+00
-5.211350444113334035e+00,-5.170576680616479237e+00,-2.375624483961530142e+00,-5.239457172502148374e+00,-1.170941501814686525e+01,-1.076121770489556617e+01
-3.870250706178893996e+00,-4.090951590952722761e+00,-5.856859015471567176e-01,-4.242629157410332752e+00,-7.521360460728390152e+00,-9.333259441683367186e+00
-4.990994491390836174e+00,-5.080076860037527453e+00,-2.374553592328145335e+00,-4.912667513282538145e+00,-6.506348905015525652e+00,-1.133623547312007496e+01
0.000000000000000000e+00,0.000000000000000000e+00,0.000000000000000000e+00,0.000000000000000000e+00,0.000000000000000000e+00,0.000000000000000000e+00
8.415226881032687345e+00,1.429999999999996518e+01,6.890987439610638532e+00,1.000290172371112440e+01,2.557348641813633527e+00,2.323447062488273041e+00
2.083920597547395115e+00,8.329055828702791597e-01,5.943229999999958935e+00,2.674960078587573786e+00,-5.741793593123495576e+00,-5.642994045515215440e+00
1.429999999999996518e+01,8.262256512490287363e+00,8.645704889498915691e+00,1.018432628415321872e+01,2.189272688780957932e+00,2.167415751899231413e+00
2.396964999398893514e+00,1.632463918728177754e+00,7.714699999999957925e+00,3.442473631269058032e+00,-4.459260479826890666e+00,-3.118909754282563895e+00
0.000000000000000000e+00,0.000000000000000000e+00,0.000000000000000000e+00,0.000000000000000000e+00,0.000000000000000000e+00,0.000000000000000000e+00
-4.368591256429959380e+00,-1.527113905570026908e+00,-4.258022228172928081e+00,-3.835282949784730722e+00,-1.003746244486461237e+01,-1.010581193733328220e+01
-2.605610098797016771e+00,2.914016299999961923e+00,-1.516167370128476133e+00,-5.406020196916455633e-01,-8.195742648188304003e+00,-8.360042010229244980e+00
-3.907903447425749910e+00,-5.856821173000290592e-01,-3.410167688431371857e+00,-3.459868213724651920e+00,-8.824455317987792924e+00,-1.020891023818790977e+01
-5.213771910655847108e+00,-5.312207133346716681e+00,-3.136962263629679004e+00,-5.347915641729882985e+00,-1.037524329045539062e+01,-1.126222634769587039e+01
0.000000000000000000e+00,0.000000000000000000e+00,0.000000000000000000e+00,0.000000000000000000e+00,0.000000000000000000e+00,0.000000000000000000e+00
-4.857851449829409418e+00,-5.082442526843815145e+00,-3.136962263513813465e+00,-4.841541259664905006e+00,-1.117235588579487526e+01,-1.049601015809121307e+01
-3.712719097223349252e+00,-3.868728202999641486e+00,-5.856821173000732461e-01,-4.161433719420966071e+00,-8.200334381335387945e+00,-1.026578243514066635e+01
-1.840343722164851537e+00,-1.257550480418492045e+00,-1.790792925507820321e+00,2.914016299999961923e+00,-7.787254164660978972e+00,-6.682941981664548337e+00
-4.276155705541781593e+00,-4.277864450848455569e+00,-4.553689202132967573e+00,-1.527113905570026908e+00,-1.067075224045795601e+01,-9.952223155906688490e+00
0.000000000000000000e+00,0.000000000000000000e+00,0.000000000000000000e+00,0.000000000000000000e+00,0.000000000000000000e+00,0.000000000000000000e+00
-3.593564737031076373e+00,-3.824204314917996950e+00,-3.782925651303451708e+00,-5.856821173000290592e-01,-1.100681252076926775e+01,-1.016603751663637745e+01
-4.378847909998303756e+00,-4.388818512741729627e+00,-1.527113905571751751e+00,-4.757230536174562374e+00,-1.023080692664893832e+01,-1.141894441339823985e+01
-3.478861288184367240e+00,-3.590958861064683649e+00,4.603532029371140699e-01,-3.282469159452316987e+00,-4.872703405137379207e+00,-6.468452291545866650e+00
-4.548710098272848334e+00,-4.363251024068006245e+00,-1.527113905570116836e+00,-4.437913460407470367e+00,-1.099262142075672344e+01,-9.659363658543981046e+00
0.000000000000000000e+00,0.000000000000000000e+00,0.000000000000000000e+00,0.000000000000000000e+00,0.000000000000000000e+00,0.000000000000000000e+00
2.354986547574743128e+00,5.017064759640586402e+00,6.780614731474591927e+00,1.186999999999996191e+01,-2.807871485485854413e-01,-3.086912419185345313e-01
-9.362413218706939766e-01,-3.253931005567030632e-01,7.714699999999957925e+00,3.318892446117048145e+00,-3.133326686705656616e+00,-3.670845029339603993e+00
3.018852852768932671e+00,4.902427616641467090e+00,5.492429028986767214e+00,1.186999999999996191e+01,-7.895956587110741776e-01,-5.114283175234727308e-01
1.708721657095200408e+00,4.303769587861035362e+00,9.682999999999957197e+00,4.238471778708985838e+00,-2.048887496653916784e+00,-2.296734548976028467e+00
0.000000000000000000e+00,0.000000000000000000e+00,0.000000000000000000e+00,0.000000000000000000e+00,0.000000000000000000e+00,0.000000000000000000e+00
-4.809476303845430678e+00,-4.736191888479057255e+00,-4.839537733923970464e+00,-2.374402515013025905e+00,-1.085911412905225326e+01,-8.653091785096929556e+00
-3.280420932940757428e+00,-2.686470975041957754e+00,-3.418473202653696141e+00,1.622614669999964843e+00,-8.955398081783160436e+00,-8.299540889061654880e+00
-4.396274701835544363e+00,-4.433652636821301840e+00,-4.317641778628816596e+00,-1.527113905570026908e+00,-1.025078145370070715e+01,-7.990430875181508519e+00
-4.618900232866315569e+00,-2.374402515013025905e+00,-4.352303303448160854e+00,-4.619606707005480928e+00,-1.150716898001110522e+01,-1.166603938798242623e+01
0.000000000000000000e+00,0.000000000000000000e+00,0.000000000000000000e+00,0.000000000000000000e+00,0.000000000000000000e+00,0.000000000000000000e+00
-4.744465398583278315e+00,-2.374402515013025905e+00,-4.255233548782017650e+00,-4.297077403197421042e+00,-1.031885541608833279e+01,-1.006430399707948453e+01
-3.489357699999088958e+00,-2.681911560763753588e+00,4.603532029999681807e-01,-3.292021071530004672e+00,-9.069825763085965775e+00,-7.342293015972451542e+00
-3.405543807123863953e+00,-3.346337953417338529e+00,-2.526276966072696251e+00,1.622614669999964843e+00,-8.964360932946737748e+00,-6.913910789572043747e+00
-5.354964362750361140e+00,-5.365518951874328479e+00,-5.371844615299827375e+00,-2.374402515013025905e+00,-9.971820053264572437e+00,-9.467005348579970558e+00
0.000000000000000000e+00,0.000000000000000000e+00,0.000000000000000000e+00,0.000000000000000000e+00,0.000000000000000000e+00,0.000000000000000000e+00
-4.782977017700305034e+00,-4.826112109749914225e+00,-4.715489620308870755e+00,-1.527113905570026908e+00,-1.028541471708769350e+01,-1.110295403532815328e+01
-4.208252592750787002e+00,-4.589850863997900987e+00,-5.856821173000290592e-01,-3.965024481699101599e+00,-1.032844352895058471e+01,-7.642194608079463158e+00
-3.027368007578413067e+00,-3.427738718711183630e+00,1.622614669999964843e+00,-3.521094356412568516e+00,-6.279774317681626528e+00,-7.289579015087992886e+00
-4.274688340938892495e+00,-4.265616887793211021e+00,-5.856821173000290592e-01,-3.696779596305527438e+00,-8.644068424859909783e+00,-8.945930712482230263e+00
0.000000000000000000e+00,0.000000000000000000e+00,0.000000000000000000e+00,0.000000000000000000e+00,0.000000000000000000e+00,0.000000000000000000e+00
1.283473536944088611e+00,3.124340380124713157e+00,4.524661119711922197e+00,9.682999999999957197e+00,-2.093988280059532414e+00,-2.817592116597944063e+00
2.542932759527301911e+00,3.267952904400483582e+00,9.682999999999957197e+00,4.275268197403104153e+00,-2.135623696551599782e+00,-1.672768858747075926e+00
-1.431245997957398264e-01,2.088562332808778343e+00,4.054404728317478224e+00,9.682999999999957197e+00,-2.319882939613016504e+00,-3.315306483527582504e+00
5.168374333969394385e+00,1.506523441092837645e+00,1.186999999999996191e+01,4.327494762338416123e+00,-1.183133783502129166e+00,-1.060674981186837229e+00
0.000000000000000000e+00,0.000000000000000000e+00,0.000000000000000000e+00,0.000000000000000000e+00,0.000000000000000000e+00,0.000000000000000000e+00
-5.386877851714178433e+00,-5.356029956974586170e+00,-5.354805374218497782e+00,-3.136962281771513261e+00,-1.003452171568538276e+01,-9.880994555626205766e+00
-3.200508660286807583e+00,-3.816751601329034571e+00,-3.747297966362733490e+00,4.603530999629906195e-01,-9.121179852449557757e+00,-7.859401782776667567e+00
-4.772992498093769242e+00,-4.584012801659767433e+00,-4.701925271158360786e+00,-2.374402515014490955e+00,-9.951207563785247956e+00,-1.031461982868878202e+01
-4.188359143034333876e+00,-1.527294123359232980e+00,-4.153976621111072909e+00,-4.493386092368877982e+00,-9.000052289199418354e+00,-9.583540048720127658e+00
0.000000000000000000e+00,0.000000000000000000e+00,0.000000000000000000e+00,0.000000000000000000e+00,0.000000000000000000e+00,0.000000000000000000e+00
-4.379211660988646670e+00,-1.583524989992805887e+00,-4.059808311318447771e+00,-4.384286520129245801e+00,-8.302160900849466785e+00,-6.713959572543462428e+00
-2.445438946741597341e+00,1.622614669999964843e+00,-1.403450739501744149e+00,-2.159341523235593474e+00,-5.575269166394457798e+00,-7.718774006682920685e+00
-3.866710883409325117e+00,-3.909683857616432334e+00,-3.454719645698885344e+00,4.603532029995611174e-01,-8.601837909409143279e+00,-6.695353506258609144e+00
-5.587719322144904410e+00,-5.538559230799971367e+00,-5.374300216022170673e+00,-3.136962263512664162e+00,-1.080052445261477168e+01,-1.114182279368188233e+01
0.000000000000000000e+00,0.000000000000000000e+00,0.000000000000000000e+00,0.000000000000000000e+00,0.000000000000000000e+00,0.000000000000000000e+00
-5.183134317213087705e+00,-5.103025339808447747e+00,-4.864203710568052230e+00,-2.374402515013370962e+00,-9.888027947154128583e+00,-1.082498995627156368e+01
4.603532029999681807e-01,-3.604967592612847049e+00,-3.359210153734959015e+00,-3.646759082021814091e+00,-9.537484521950663208e+00,-1.034596747658022053e+01
2.914016299999961923e+00,-2.629037882954172733e+00,-1.820201165199620608e+00,-1.269043744770776971e+00,-6.793724184089692031e+00,-6.543154946935211491e+00
4.603532029999681807e-01,-3.396617065783360978e+00,-2.478137582080281565e+00,-2.776435827626284158e+00,-8.022168465321438902e+00,-9.407407226589981519e+00
0.000000000000000000e+00,0.000000000000000000e+00,0.000000000000000000e+00,0.000000000000000000e+00,0.000000000000000000e+00,0.000000000000000000e+00
2.907561215905613672e+00,3.059676646743936246e+00,5.099430700700398056e-01,7.714699999999957925e+00,-4.956365544946851998e+00,-3.793970446978195188e+00
5.317981212843699623e+00,1.186999999999996191e+01,7.050714111962362196e+00,6.642599239621977958e+00,-3.928011425776701260e-01,3.387788853054410354e-01
3.052348528265469429e+00,3.639371759835198894e+00,7.327593538590712607e-02,7.714699999999957925e+00,-4.299865900537039209e+00,-4.727534511474949852e+00
1.429999999999996518e+01,8.803484487393413715e+00,5.176954458217402966e+00,8.265442802165415159e+00,1.793189122745584063e+00,2.578184452998228515e+00
0.000000000000000000e+00,0.000000000000000000e+00,0.000000000000000000e+00,0.000000000000000000e+00,0.000000000000000000e+00,0.000000000000000000e+00
-5.560932576882709810e+00,-5.525258709507872901e+00,-5.553487049350211535e+00,-3.910342901363091261e+00,-1.056299155259110378e+01,-8.008798301424905119e+00
-4.329384196328969203e+00,-4.279836703446546764e+00,-4.306066070385134559e+00,-6.946671015279491934e-01,-7.676421966946166187e+00,-9.524656039218312387e+00
-5.184790352795683788e+00,-5.076110983241088448e+00,-4.994060443696141327e+00,-3.137184068179429630e+00,-9.743923729091934050e+00,-9.440170186439914346e+00
-3.885421870274935241e+00,-5.857454281150656916e-01,-4.131909348533348236e+00,-4.267548707368261418e+00,-5.812859093631789875e+00,-1.005477086686064325e+01
0.000000000000000000e+00,0.000000000000000000e+00,0.000000000000000000e+00,0.000000000000000000e+00,0.000000000000000000e+00,0.000000000000000000e+00
-4.131837547156520074e+00,-5.856822066337686872e-01,-4.124986382228796877e+00,-4.149492898557509690e+00,-9.268810874318761606e+00,-8.692948423024054350e+00
-2.985229225991899327e+00,2.913602824026571003e+00,-3.003122190810678216e+00,-3.014858868148880156e+00,-7.408943649858905189e+00,-5.131954753572830263e+00
-4.162354886121659270e+00,-4.357182718790137521e+00,-3.808274647253841128e+00,-5.857130547713667035e-01,-7.616689190988585878e+00,-4.573983565334964752e+00
-5.915949543061807425e+00,-5.979519219267671382e+00,-5.982804881361471594e+00,-3.823457499313496211e+00,-9.777286565752108416e+00,-7.881342112959046631e+00
0.000000000000000000e+00,0.000000000000000000e+00,0.000000000000000000e+00,0.000000000000000000e+00,0.000000000000000000e+00,0.000000000000000000e+00
-5.612731648399535089e+00,-5.584718796149918063e+00,-5.567233486086166749e+00,-3.138853239274116635e+00,-9.647126355408934373e+00,-1.205644959200762401e+01
-4.333332265110169779e+00,-4.263588304020120567e+00,-3.912249209722252985e+00,-5.858105462891729509e-01,-9.852446097625199073e+00,-8.549689632163641306e+00
-2.658510928718539112e+00,-3.115169721206121345e+00,-3.001677437425033013e+00,1.563779783898828990e+00,-7.451598951567540929e+00,-5.951198011622068407e+00
-4.111311334984222299e+00,-4.093990993199114747e+00,-3.850970227510801536e+00,-5.859578858050205064e-01,-8.714922069149189099e+00,-9.799633275026639723e+00
0.000000000000000000e+00,0.000000000000000000e+00,0.000000000000000000e+00,0.000000000000000000e+00,0.000000000000000000e+00,0.000000000000000000e+00
-2.238972364672411342e+00,-2.259307302129085482e+00,-2.229743424396585461e+00,4.163406216735926257e+00,-8.002796592763257166e+00,-9.158063473164505197e+00
-7.364821284294139625e-01,1.339231274400047766e+01,-7.964684892928001192e-01,-5.674580778230620126e-01,-4.204791909999999966e+00,-3.555569150200000195e+00
-2.099367303615037983e+00,-2.061483369349556227e+00,-2.068302123179527552e+00,3.838787553034320510e+00,-8.900694463917146138e+00,-7.549923424091094404e+00
1.006192052863272579e+01,-8.153502339225682238e-01,-7.559394964929999627e-01,-6.532539505597000362e-01,-1.948493660236299885e+00,-3.528413816955489946e+00
0.000000000000000000e+00,0.000000000000000000e+00,0.000000000000000000e+00,0.000000000000000000e+00,0.000000000000000000e+00,0.000000000000000000e+00
-4.544594889086773115e+00,-1.551577565931654412e+00,-4.610112089547159897e+00,-4.380674328971497111e+00,-9.484672503765960272e+00,-1.074679714115697493e+01
-2.949250538664706767e+00,2.883419715678883666e+00,-3.151969962914490164e+00,-2.697568420853096782e+00,-8.887776700933283536e+00,-8.460578801018568740e+00
-3.902236316442647013e+00,-5.999615074630749723e-01,-3.943042427236976177e+00,-3.787277957489898483e+00,-1.060870628423348982e+01,-9.262215645207549031e+00
-5.735740817461026708e+00,-4.444772154295955069e+00,-5.712973570986559224e+00,-5.682361451857780743e+00,-9.919224302456228770e+00,-9.677449956564339928e+00
0.000000000000000000e+00,0.000000000000000000e+00,0.000000000000000000e+00,0.000000000000000000e+00,0.000000000000000000e+00,0.000000000000000000e+00
-5.643748742952658048e+00,-4.453105376276562666e+00,-5.604553125944685021e+00,-5.639857708436305295e+00,-1.000555284813824386e+01,-7.977598685893924291e+00
-4.608864608751741088e+00,-2.379154916164149203e+00,-4.649931067479274205e+00,-4.467706578842666865e+00,-5.141568629241028532e+00,-9.343080787597470405e+00
5.943229999999958935e+00,-1.376302389735913345e-01,4.496965465904371739e-01,1.179107480513223116e+00,-5.068033107515772073e+00,-5.631724977223762529e+00
4.603532029999681807e-01,-2.864810691579659174e+00,-1.889377989793283419e+00,-2.391087974007988226e+00,-9.737420866488601945e+00,-8.949406463330131345e+00
0.000000000000000000e+00,0.000000000000000000e+00,0.000000000000000000e+00,0.000000000000000000e+00,0.000000000000000000e+00,0.000000000000000000e+00
1.622614669999964843e+00,-2.272753592778605114e+00,-2.058679438349169111e+00,-1.812969550633534155e+00,-9.431060601236083585e+00,-9.780779243762308894e+00
-5.407129054114867550e+00,-3.191643681786881181e+00,-5.402740565038349985e+00,-5.391150562026711945e+00,-1.043958710422588965e+01,-1.064259364230974647e+01
-4.460778080659636657e+00,-1.534353727034551307e+00,-4.461563399329984136e+00,-4.388797369399479287e+00,-8.641097535714742151e+00,-7.213588423350783430e+00
-5.350463130453018579e+00,-3.142190626806727671e+00,-5.365060702616692545e+00,-5.360098564800052756e+00,-1.050322481493963167e+01,-1.093448793147383924e+01
0.000000000000000000e+00,0.000000000000000000e+00,0.000000000000000000e+00,0.000000000000000000e+00,0.000000000000000000e+00,0.000000000000000000e+00
2.526700577796549219e+00,1.186999999999996191e+01,7.508933442915540546e+00,3.450477887532350518e+00,-5.731716162412410220e-01,-7.963293253294942975e-01
-4.825976411680520939e-01,4.348906999999959666e+00,2.158560822407454838e-01,4.820794163455242587e-01,-6.742418353497704686e+00,-7.495165814808819604e+00
1.699999999999997158e+01,1.134715522029489421e+01,1.350898923738073520e+01,1.331183304753186292e+01,4.211407946082876386e+00,4.743817342804056203e+00
-1.244457170690247860e+00,5.943229999999958935e+00,1.405988781656146713e+00,-4.532927985673685933e-01,-6.329036223663834448e+00,-7.657364398510122960e+00
0.000000000000000000e+00,0.000000000000000000e+00,0.000000000000000000e+00,0.000000000000000000e+00,0.000000000000000000e+00,0.000000000000000000e+00
-4.866843602880693176e+00,-2.374406222151162815e+00,-4.940525557645996102e+00,-4.955118729786444298e+00,-1.091572202428134908e+01,-1.078747567085295245e+01
-3.396784984373066862e+00,1.622590752092618160e+00,-3.075990652067663422e+00,-3.484122777053785924e+00,-7.373772503592416427e+00,-9.080803980107049256e+00
-4.357628168579106287e+00,-1.529554976726396065e+00,-4.398815291677381722e+00,-4.195147753203936958e+00,-8.134717011451467528e+00,-6.230580879383306403e+00
-5.322934991823133899e+00,-5.178445815002481467e+00,-3.828739058600131528e+00,-5.179687303529101783e+00,-1.043583160719080460e+01,-8.856780127943110870e+00
0.000000000000000000e+00,0.000000000000000000e+00,0.000000000000000000e+00,0.000000000000000000e+00,0.000000000000000000e+00,0.000000000000000000e+00
-5.263788344503888439e+00,-3.825316370273953659e+00,-5.199262824083331402e+00,-5.219174288626543756e+00,-9.723970086738445318e+00,-8.756346181976695675e+00
-4.156094249302872079e+00,-1.536213692698006339e+00,-4.157604908067839666e+00,-3.977330029648756149e+00,-7.658819470644107064e+00,-8.436962683434943600e+00
-3.547798594128793059e+00,1.622611484515869229e+00,-3.373209298832322123e+00,-3.254215440869734355e+00,-9.335048218373771078e+00,-7.895053310395690360e+00
-5.317685295672537116e+00,-2.374434665070902728e+00,-5.397102465155831474e+00,-5.180817724232735344e+00,-6.770533416377215730e+00,-9.797355930906658017e+00
0.000000000000000000e+00,0.000000000000000000e+00,0.000000000000000000e+00,0.000000000000000000e+00,0.000000000000000000e+00,0.000000000000000000e+00
-4.825808420814115429e+00,-1.527132850674383313e+00,-4.552669362247120155e+00,-4.969694701905228662e+00,-1.078051330951054076e+01,-9.698325609727966423e+00
-4.985086405400979359e+00,-2.383857857886434672e+00,-4.948408294388773498e+00,-4.970488262273256908e+00,-9.412016250913499249e+00,-1.092433118300064976e+01
-3.989856813387572032e+00,-7.625334975168112095e-01,-3.614417824604742702e+00,-3.972634470574710530e+00,-9.935179875715133946e+00,-6.497744246473938112e+00
-4.874785019701954880e+00,-2.382654279379261553e+00,-4.854558215632480689e+00,-4.856882045667776815e+00,-1.009377578610544646e+01,-9.133929274337322823e+00
0.000000000000000000e+00,0.000000000000000000e+00,0.000000000000000000e+00,0.000000000000000000e+00,0.000000000000000000e+00,0.000000000000000000e+00
-1.171592307106614550e+00,7.267047690386673864e+00,-1.203161645676798619e+00,-1.185149658402705919e+00,-5.970455292179800644e+00,-3.587717040333067153e+00
-1.783119366082010604e+00,-1.730153526272799835e+00,2.444519340991962775e+00,-1.730474908389534328e+00,-7.360244985423296527e+00,-7.968494613353755085e+00
-1.420311208644005951e+00,8.901681561972951684e+00,-7.616187739524276079e-01,-1.300235262476813425e+00,-6.041095379933607568e+00,-4.242854129949999553e+00
-1.249261613052156994e+00,5.903171325494080968e+00,-1.200620851132803146e+00,-1.242966779435246139e+00,-4.220677621900000176e+00,-4.906212148691180275e+00
0.000000000000000000e+00,0.000000000000000000e+00,0.000000000000000000e+00,0.000000000000000000e+00,0.000000000000000000e+00,0.000000000000000000e+00
-5.082391705962540307e+00,-5.021434188566759715e+00,-5.024590945833598887e+00,-3.141823248877877894e+00,-9.103883904152439754e+00,-8.745274966884704071e+00
-3.657257274123698387e+00,-3.609660544723129583e+00,-3.400942443691035599e+00,2.772805537873383463e-01,-9.716694114732440823e+00,-1.008802165818555707e+01
-4.548481899227945213e+00,-2.406151149521537302e+00,-4.564275463336850969e+00,-4.544739467996914861e+00,-8.522584044943481985e+00,-9.491261413388871304e+00
-5.195600407817139832e+00,-3.136977228515799077e+00,-5.001786000732194815e+00,-5.093240981379177690e+00,-1.043564843328042890e+01,-9.103754163587344905e+00
0.000000000000000000e+00,0.000000000000000000e+00,0.000000000000000000e+00,0.000000000000000000e+00,0.000000000000000000e+00,0.000000000000000000e+00
-5.096443096406835238e+00,-3.145056231750382292e+00,-4.986181301380170794e+00,-5.029279461182427191e+00,-9.457048438728950401e+00,-7.767813780152980740e+00
-3.986408355758266797e+00,-5.983319140665853686e-01,-3.904191540657753645e+00,-4.084731702189956515e+00,-9.384559781024600866e+00,-7.277698672172701500e+00
-3.849999726403352973e+00,-3.785181976750995325e+00,-3.795814236052698298e+00,4.518842984618652303e-01,-8.266994564637725418e+00,-8.524012273959391095e+00
-5.516603183195192273e+00,-5.513987837504720879e+00,-5.407183839976658746e+00,-3.155745811003451529e+00,-8.739941011714572383e+00,-1.017622500278122644e+01
0.000000000000000000e+00,0.000000000000000000e+00,0.000000000000000000e+00,0.000000000000000000e+00,0.000000000000000000e+00,0.000000000000000000e+00
-5.131351027280508958e+00,-4.860746748580002219e+00,-5.162582660116320277e+00,-2.482157503366430262e+00,-8.019854098000546827e+00,-1.049315272719456615e+01
-4.758900418598849491e+00,-1.532101996189468185e+00,-4.875295207470571768e+00,-4.882513029499291335e+00,-1.084529875893179884e+01,-9.102108892767477144e+00
-3.791457956495767778e+00,4.600954453541702405e-01,-3.487502853862060270e+00,-3.772980364505951201e+00,-6.954001447657815582e+00,-8.222308168284584440e+00
-4.737532656937429643e+00,-1.550500204674679638e+00,-4.734433453100677980e+00,-4.608479766908589070e+00,-8.103991453410728241e+00,-8.643079554249297303e+00
0.000000000000000000e+00,0.000000000000000000e+00,0.000000000000000000e+00,0.000000000000000000e+00,0.000000000000000000e+00,0.000000000000000000e+00
-1.446957864840069163e+00,5.631387139343003057e+00,-1.520434103271031567e+00,-1.415231198628895681e+00,-6.500273200302261856e+00,-5.395579346125152220e+00
-1.584454880396352516e+00,7.170878459751367728e+00,-1.541717721749306325e+00,-1.588066222259604476e+00,-3.664123319052048799e+00,-4.393896440017076799e+00
-1.344795325435824696e+00,-1.376411098800850663e+00,-1.383612692899742314e+00,4.083278280953225980e+00,-7.212745269019825045e+00,-6.481425570041619899e+00
-1.115204558693126513e+00,8.915845828273132767e+00,-1.192561793801586223e+00,-1.127196014522227285e+00,-4.817746501561664729e+00,-2.862792595237407145e+00
0.000000000000000000e+00,0.000000000000000000e+00,0.000000000000000000e+00,0.000000000000000000e+00,0.000000000000000000e+00,0.000000000000000000e+00
-5.581511796744609732e+00,-3.823283294401660370e+00,-5.528634816323310552e+00,-5.498658146747754216e+00,-1.056495206959112920e+01,-7.761319717468699864e+00
-4.275861995845555263e+00,-5.857392275167097040e-01,-4.290175267828653105e+00,-3.908784112679808409e+00,-8.594748138240335678e+00,-1.042873724155829862e+01
-5.156002802166133492e+00,-3.141373828567083137e+00,-5.113079658352861046e+00,-5.121327206521431030e+00,-7.766129874318333570e+00,-1.065201242046438956e+01
-4.556514376174114922e+00,-2.384526902194639142e+00,-4.540459728065590284e+00,-4.519580886034977318e+00,-1.063718122246068631e+01,-6.529557767966363002e+00
0.000000000000000000e+00,0.000000000000000000e+00,0.000000000000000000e+00,0.000000000000000000e+00,0.000000000000000000e+00,0.000000000000000000e+00
-4.455468340777774650e+00,-4.461374695184083805e+00,-2.382039959626173431e+00,-4.486975090541273303e+00,-8.729194259751629659e+00,-1.050479017620034661e+01
-3.467861815130404146e+00,4.506759678902446664e-01,-3.071978303155706413e+00,-3.457338613195998889e+00,-8.124695361474040922e+00,-7.962576911516051403e+00
-4.323781938939642799e+00,-5.862281875882485727e-01,-4.284029643083329120e+00,-4.289423275098713795e+00,-9.412556014073075517e+00,-6.730779810403922703e+00
-6.028834616211751651e+00,-3.823547839118343283e+00,-5.917160577397491572e+00,-6.006174133758522160e+00,-9.861478121732373481e+00,-1.102349896217710601e+01
0.000000000000000000e+00,0.000000000000000000e+00,0.000000000000000000e+00,0.000000000000000000e+00,0.000000000000000000e+00,0.000000000000000000e+00
-5.619665931104513845e+00,-3.141886403553387108e+00,-5.485612180134151750e+00,-5.442021097152323961e+00,-1.030088327953254712e+01,-1.043969797399740429e+01
1.622614669999964843e+00,-2.566799428256634652e+00,-3.262993541821318288e+00,-2.390114996129539815e+00,-8.862275129731834511e+00,-1.052269528375459373e+01
4.348906999999959666e+00,-2.452008838497940213e-01,-5.547968474459192834e-01,1.200518657541798984e+00,-6.704828389201328065e+00,-6.835943364468318073e+00
1.622614669999964843e+00,-1.692716404705734590e+00,-2.645581120719853185e+00,-1.699109846712193672e+00,-8.772265903575318546e+00,-8.354653593695816838e+00
0.000000000000000000e+00,0.000000000000000000e+00,0.000000000000000000e+00,0.000000000000000000e+00,0.000000000000000000e+00,0.000000000000000000e+00
1.546585440164907288e+00,5.943229999999958935e+00,-1.734627442606307302e+00,-5.468985984251806265e-01,-6.061286704982391527e+00,-5.800660796555866305e+00
1.408521732244139457e+00,9.682999999999957197e+00,2.453068789561650975e-01,4.805682503404950623e+00,-4.271251728785944834e+00,-3.343359343305459142e+00
1.087686525947303418e+00,5.943229999999958935e+00,-1.995831680106837869e+00,-5.082943078646121604e-01,-6.572449611341323106e+00,-6.087620565690922803e+00
1.699999999999997158e+01,1.001572328296120951e+01,9.762293435516564699e+00,1.206363671278312566e+01,4.281326684221914647e+00,4.414065472997694251e+00
0.000000000000000000e+00,0.000000000000000000e+00,0.000000000000000000e+00,0.000000000000000000e+00,0.000000000000000000e+00,0.000000000000000000e+00
-5.661986936573468299e+00,-5.635522964121620682e+00,-5.656062608545626702e+00,-4.447645244057929936e+00,-7.850672564017112443e+00,-8.102999906605884206e+00
-4.404200320389872303e+00,-4.410043830627172312e+00,-4.292955007752482288e+00,-1.757986603865770769e+00,-1.025498137445695868e+01,-9.484914587711685385e+00
-5.250921546498675596e+00,-3.837088635511044732e+00,-5.231545943847968339e+00,-5.102851518925122676e+00,-9.023546649471999359e+00,-9.128131995691619593e+00
-4.446063719961390603e+00,-1.539401275038571271e+00,-4.418518384006806521e+00,-4.429593688838568077e+00,-1.006566987092723053e+01,-8.810197989003764718e+00
0.000000000000000000e+00,0.000000000000000000e+00,0.000000000000000000e+00,0.000000000000000000e+00,0.000000000000000000e+00,0.000000000000000000e+00
-4.445541372893328180e+00,-1.527129574627901665e+00,-4.184966704852698172e+00,-4.157123853704059790e+00,-5.903830544973592609e+00,-1.046989056464847501e+01
-3.002984094968924378e+00,1.599735692439929968e+00,-2.785001284816118527e+00,-3.204698833146212955e+00,-7.727492625396839898e+00,-6.277644885684470211e+00
-4.422977019785562014e+00,-1.689397863589153781e+00,-4.410157374566004762e+00,-4.131728748112224459e+00,-8.262245163581514618e+00,-5.468470534669457095e+00
-6.126452750688424764e+00,-4.591124107808332688e+00,-6.128300004921767297e+00,-6.123621553965021391e+00,-1.071071356233771787e+01,-8.581200685514248860e+00
0.000000000000000000e+00,0.000000000000000000e+00,0.000000000000000000e+00,0.000000000000000000e+00,0.000000000000000000e+00,0.000000000000000000e+00
-5.726941374150782416e+00,-3.943108455093133458e+00,-5.622411138871715508e+00,-5.704532069786131032e+00,-9.350776149468957854e+00,-9.094614753098847260e+00
9.115822054361928661e-02,-4.108281862606153467e+00,-3.942989202768034662e+00,-4.059707752965639571e+00,-1.048293030525584157e+01,-1.047031249815509213e+01
-2.749183103657631300e+00,-2.872992006484171412e+00,-2.784767288369805804e+00,2.856506075267261302e+00,-5.678595276738285236e+00,-5.449023651209802033e+00
-3.815216159468718171e+00,-3.804644125354731621e+00,-3.799985008524553898e+00,3.809051194861315381e-01,-7.550932499670865994e+00,-9.153473983626726707e+00
0.000000000000000000e+00,0.000000000000000000e+00,0.000000000000000000e+00,0.000000000000000000e+00,0.000000000000000000e+00,0.000000000000000000e+00
-2.588305463827250463e+00,-2.466455405293023873e+00,-2.486673609356118142e+00,1.395427198931886270e+00,-7.907244221649783356e+00,-8.779948988178217562e+00
-8.886553488054633743e-01,5.252952463248041326e+00,-9.089735293690039963e-01,-9.052220459507500649e-01,-3.578772027781990328e+00,-3.568352748400000607e+00
-2.383988893545966548e+00,-2.343327838941772878e+00,-2.417648905024333938e+00,7.929897460510532126e-01,-7.899203006338098909e+00,-8.200286222924889401e+00
-3.439000000000000390e-01,-5.079064820554900495e-01,-4.279178883456999927e-01,1.421105997891006645e+01,-2.867002530957405870e+00,-4.612692680321801575e+00
0.000000000000000000e+00,0.000000000000000000e+00,0.000000000000000000e+00,0.000000000000000000e+00,0.000000000000000000e+00,0.000000000000000000e+00
-4.879620875200359364e+00,-2.715987730114586718e+00,-4.853175256083815725e+00,-4.894922065979196546e+00,-7.784342908300636132e+00,-6.926102965609578277e+00
-3.169725019849255698e+00,1.066521054503755339e+00,-2.975167025721337399e+00,-3.336289974085581811e+00,-6.115803944513698021e+00,-8.151161794992578535e+00
-4.091558941253238935e+00,-1.793081713856685688e+00,-4.112040399594181217e+00,-4.049003400860165414e+00,-8.022479540899961847e+00,-7.993771065417634603e+00
-5.924956973915930014e+00,-5.109433338047507434e+00,-5.923124240800170526e+00,-5.931468891203286908e+00,-1.129344718813132786e+01,-9.147409532312796188e+00
0.000000000000000000e+00,0.000000000000000000e+00,0.000000000000000000e+00,0.000000000000000000e+00,0.000000000000000000e+00,0.000000000000000000e+00
-5.836856198522805350e+00,-5.217482732341117924e+00,-5.817100737823101220e+00,-5.824919678801397716e+00,-8.204889910677207965e+00,-7.090280593181566005e+00
-4.830873404247817859e+00,-3.342054695303187550e+00,-4.813593225373831608e+00,-4.734402281363163212e+00,-7.217184063883518519e+00,-7.870671574646466162e+00
2.581918950442764871e+00,-1.109375464642604059e-01,2.928029561637585765e+00,2.206304884156907953e+00,7.714699999999957925e+00,-5.856953881043891030e+00
-1.572788939229885941e+00,-2.139798399395179462e+00,-1.363723654185693412e+00,-1.032608872405331502e+00,1.622614669999964843e+00,-8.488716836632104190e+00
0.000000000000000000e+00,0.000000000000000000e+00,0.000000000000000000e+00,0.000000000000000000e+00,0.000000000000000000e+00,0.000000000000000000e+00
-1.007358464769154693e+00,-1.936472472154590063e+00,-7.601187916505258713e-01,-1.302170154788782064e+00,2.914016299999961923e+00,-8.205319652366101835e+00
-5.611385095307763748e+00,-4.398286299083676631e+00,-5.619721636666839437e+00,-5.628404960065172880e+00,-1.026844262632844718e+01,-1.103743961353290892e+01
-4.636797033944614732e+00,-2.612758198710519508e+00,-4.649471043485315036e+00,-4.649856805180496266e+00,-8.282661953157145263e+00,-6.755072614509339601e+00
-5.577793931157978946e+00,-3.970312665851197131e+00,-5.583968918620263899e+00,-5.557853250869617234e+00,-1.041182026701488539e+01,-1.058881428673868186e+01
0.000000000000000000e+00,0.000000000000000000e+00,0.000000000000000000e+00,0.000000000000000000e+00,0.000000000000000000e+00,0.000000000000000000e+00
3.772970394941612682e+00,9.682999999999957197e+00,4.740654145244258544e+00,5.171929890422444664e+00,-2.830971634651427760e+00,2.520021806461399727e+00
-1.183431454580361697e+00,2.914016299999961923e+00,-2.869324354746092820e-01,-1.020277548177647375e+00,-7.570071190991532362e+00,-1.178830346981798005e+00
1.370211376194061259e+01,1.256995769916425942e+01,1.557616841442895605e+01,1.566194605377702764e+01,7.059558789055768280e+00,1.999999999999998579e+01
-8.396976775366804535e-01,4.348906999999959666e+00,1.043040187435535060e+00,6.992973273364575526e-01,-8.485390829029206827e+00,-1.954286356318241324e+00
0.000000000000000000e+00,0.000000000000000000e+00,0.000000000000000000e+00,0.000000000000000000e+00,0.000000000000000000e+00,0.000000000000000000e+00
-5.107336674118736042e+00,-3.198416548159880524e+00,-5.173722734143039403e+00,-5.116647284254467465e+00,-1.067350439492714997e+01,-9.837968747800150737e+00
-3.755517540004801980e+00,4.251757496347834397e-01,-3.762932486776811025e+00,-3.781934850651275326e+00,-9.142377910548637132e+00,-9.794256993253698695e+00
-4.581890058157562784e+00,-2.528035805915047618e+00,-4.580700959778769565e+00,-4.561932086701757427e+00,-8.305727172059604868e+00,-9.810957382376663816e+00
-5.504049702805918542e+00,-4.612796726377158762e+00,-5.487390200661552697e+00,-5.487964176642469383e+00,-9.359436213351102651e+00,-8.472245214311591610e+00
0.000000000000000000e+00,0.000000000000000000e+00,0.000000000000000000e+00,0.000000000000000000e+00,0.000000000000000000e+00,0.000000000000000000e+00
-5.361645053708326003e+00,-4.559764096576832237e+00,-5.348573899203388216e+00,-5.417290619905615223e+00,-9.656804210922045328e+00,-6.876846090767374520e+00
-4.309515038341785065e+00,-2.709420972066068245e+00,-4.283739739325293172e+00,-4.287790051659094992e+00,-9.149605610593219751e+00,-9.372177105484212234e+00
-3.804193913854025055e+00,3.554398761648380201e-01,-3.830103519546593116e+00,-3.499363698311615423e+00,-9.194573991525052392e+00,-8.253409947897548449e+00
-5.577412209151131783e+00,-3.348133152366539633e+00,-5.596197066905374662e+00,-5.452706697373434608e+00,-9.327174298985161371e+00,-8.878945302076250101e+00
0.000000000000000000e+00,0.000000000000000000e+00,0.000000000000000000e+00,0.000000000000000000e+00,0.000000000000000000e+00,0.000000000000000000e+00
-5.169301444138693746e+00,-2.405213633988693811e+00,-5.142419798180418944e+00,-5.129146851184950506e+00,-1.046576171155130908e+01,-1.036224392836185793e+01
-5.119832996413729020e+00,-3.682114232643725948e+00,-4.999281756281478195e+00,-5.119862160286015929e+00,-9.647972410013181843e+00,-8.115607811924245851e+00
-4.151581816762901056e+00,-4.120497084239536534e+00,-1.969382332444841177e+00,-4.094982072269304219e+00,-9.058514366881148305e+00,-9.261086677422877500e+00
-4.928842308853500498e+00,-3.309891824609806577e+00,-4.953366919209345909e+00,-4.974669967002204096e+00,-8.500012381331842448e+00,-1.084236676622022166e+01
0.000000000000000000e+00,0.000000000000000000e+00,0.000000000000000000e+00,0.000000000000000000e+00,0.000000000000000000e+00,0.000000000000000000e+00
-1.234792249567103095e+00,-1.076429502147904227e+00,-1.280468377569131233e+00,-1.205414368452183194e+00,-5.399051447900753864e+00,-1.990000000000000213e+00
-1.701692832900060015e+00,-1.773415956716924091e+00,-1.691857783550192229e+00,-1.717941597182629287e+00,-4.386846701448515518e+00,-4.252821256946294426e+00
-1.404792135904609829e+00,-7.005617614884110944e-01,-1.372584276505887324e+00,-1.383463123390334726e+00,-5.903388225563743319e+00,-6.509082684654684314e+00
-1.219981205404111035e+00,-1.196833533275173833e+00,-1.248590176987042000e+00,-1.192293703388547677e+00,-4.988289991187993877e+00,-5.440457663813319300e+00
0.000000000000000000e+00,0.000000000000000000e+00,0.000000000000000000e+00,0.000000000000000000e+00,0.000000000000000000e+00,0.000000000000000000e+00
-5.257110001803011912e+00,-4.012917458810545845e+00,-5.244095586230611339e+00,-5.121998781793620559e+00,-8.574872933935711927e+00,-8.955203702169525215e+00
-3.864728700317046073e+00,-3.871422628757564155e+00,-3.851443343097689098e+00,-1.180313762306151038e+00,-9.007083929122398303e+00,-9.579871458856667132e+00
-4.712459950424286781e+00,-3.468709849278227342e+00,-4.647892912776514507e+00,-4.654170010921157008e+00,-9.744005845879378569e+00,-9.597440671471225926e+00
-5.294840840439924534e+00,-4.001315957693838854e+00,-5.332143653479094247e+00,-5.372131658010936839e+00,-9.174994785804662101e+00,-9.408712008494775958e+00
0.000000000000000000e+00,0.000000000000000000e+00,0.000000000000000000e+00,0.000000000000000000e+00,0.000000000000000000e+00,0.000000000000000000e+00
-5.267047168149815661e+00,-3.970678113353823147e+00,-5.218653670920609500e+00,-5.250411708068183358e+00,-8.244780170059542002e+00,-9.966430413732259908e+00
-4.075400501438447343e+00,-2.206643869774161271e+00,-4.180638774677273517e+00,-4.158541320230630944e+00,-9.044801666926161943e+00,-9.330026051675533338e+00
-3.994200033111106052e+00,-1.105234477070888621e+00,-3.983403551737335402e+00,-3.981937248953515418e+00,-8.516215989998425329e+00,-9.424950962658224185e+00
-5.630285861422414051e+00,-4.302717283112309055e+00,-5.582087121527099960e+00,-5.468497191754084774e+00,-1.072394093827453432e+01,-9.701321628096808425e+00
0.000000000000000000e+00,0.000000000000000000e+00,0.000000000000000000e+00,0.000000000000000000e+00,0.000000000000000000e+00,0.000000000000000000e+00
-5.364667241686190913e+00,-5.278391660434197163e+00,-5.298210506161706412e+00,-3.536388107923363222e+00,-1.139798558776302784e+01,-9.830994822479203421e+00
-5.005352051914903733e+00,-2.584130325591620814e+00,-4.996535746095837283e+00,-5.010863036567502427e+00,-8.045129260900839796e+00,-1.016059506880831265e+01
-3.994151320164412766e+00,-6.087790750162448417e-01,-3.755237673802516163e+00,-3.965799872148661365e+00,-6.795364614125113611e+00,-9.674899154108247856e+00
-4.936786764218420664e+00,-2.860604520750498647e+00,-4.939681501039428824e+00,-4.917688444507410495e+00,-9.910207145162678088e+00,-9.908976438494487837e+00
0.000000000000000000e+00,0.000000000000000000e+00,0.000000000000000000e+00,0.000000000000000000e+00,0.000000000000000000e+00,0.000000000000000000e+00
-1.312541872310217350e+00,-1.378177842435260869e+00,-1.312541872310217350e+00,-1.382584785347309220e+00,-5.942601129116342307e+00,-6.454065175684464251e+00
-1.558595945167294161e+00,-1.612164071146100719e+00,-1.562098843859192510e+00,-1.637200277832968620e+00,-6.595667367862435349e+00,-4.332305061474167829e+00
-1.364268893927743420e+00,-1.393379238529814934e+00,-1.330028497130647747e+00,-1.335027316348217363e+00,-5.932952394268600216e+00,-4.201304293810000701e+00
-1.121890448135262730e+00,-1.202853307883022138e+00,-1.273510013757942927e+00,-1.189146720781231403e+00,-4.300687804602312703e+00,-4.931049154565742221e+00
0.000000000000000000e+00,0.000000000000000000e+00,0.000000000000000000e+00,0.000000000000000000e+00,0.000000000000000000e+00,0.000000000000000000e+00
-5.700331144115690307e+00,-4.502806785431166858e+00,-5.701837469572979877e+00,-5.668448621934449427e+00,-9.422702387022814818e+00,-9.243957387040355300e+00
-4.291381550375110265e+00,-1.547056640260267457e+00,-4.535438284097581096e+00,-4.401060149330499272e+00,-1.005137497620619058e+01,-1.102818112641598169e+01
-5.325558168277687798e+00,-4.000648975314608613e+00,-5.346413217271591023e+00,-5.304825605770849606e+00,-1.083687694118021483e+01,-8.814568738489015232e+00
-4.706599430802765660e+00,-3.426378863040975720e+00,-4.693444809409810681e+00,-4.736692086615098773e+00,-8.779569744370480322e+00,-1.033265990120501954e+01
0.000000000000000000e+00,0.000000000000000000e+00,0.000000000000000000e+00,0.000000000000000000e+00,0.000000000000000000e+00,0.000000000000000000e+00
-4.637989646869254301e+00,-3.316246371063600762e+00,-4.694660748636928282e+00,-4.671775225811107823e+00,-7.350814664037290669e+00,-7.788875644411216825e+00
-3.630665163226248549e+00,-1.019692029878806139e+00,-3.608085645538593234e+00,-3.480854201739700837e+00,-6.889814827864792157e+00,-6.635386180032497805e+00
-4.320005470016416993e+00,-1.560844652801173904e+00,-4.550855326471332063e+00,-4.516900523646362409e+00,-8.229961432230288310e+00,-1.002048157485744717e+01
-6.177888029930512559e+00,-4.455216358561636447e+00,-6.181066275185422398e+00,-6.073903619268445908e+00,-9.435884397304279858e+00,-9.965195469596894284e+00
0.000000000000000000e+00,0.000000000000000000e+00,0.000000000000000000e+00,0.000000000000000000e+00,0.000000000000000000e+00,0.000000000000000000e+00
-5.643152600921682804e+00,-3.913681770142368066e+00,-5.762570987579214155e+00,-5.770914432842076280e+00,-1.139160157856022693e+01,-1.131814665370472817e+01
-2.058877673586507751e+00,-1.240649755657713182e+00,-1.563906934167037965e+00,-1.696604938154127495e+00,2.914016299999961923e+00,-8.358664741217417316e+00
1.838913582500675714e+00,-8.095382323929773971e-01,-7.615225420364467590e-01,1.076564389684887546e-01,5.943229999999958935e+00,-5.584528627448190008e+00
-1.241650258244810789e+00,-1.147393537888474757e+00,-1.198607690396627845e+00,-6.966284103810398420e-01,2.914016299999961923e+00,-8.820672083549554898e+00
0.000000000000000000e+00,0.000000000000000000e+00,0.000000000000000000e+00,0.000000000000000000e+00,0.000000000000000000e+00,0.000000000000000000e+00
-1.316849297910438921e+00,4.348906999999959666e+00,-2.303096308445411022e+00,8.754050049075146056e-01,-8.034575597473494923e+00,-3.168032556600249849e-01
2.396345942146758556e+00,7.714699999999957925e+00,-1.023871619364364216e+00,9.240234036335327472e-01,-4.325566427707343564e+00,1.229420692042928920e+00
-4.261719760131938428e-01,4.348906999999959666e+00,-1.959639252937193099e+00,9.620900817551865103e-01,-8.043323834326345789e+00,-1.260331043489149927e+00
1.645257155718941533e+01,1.298339411638421659e+01,8.529198091692393291e+00,1.618062586252321466e+01,6.672363403126006176e+00,1.999999999999998579e+01
0.000000000000000000e+00,0.000000000000000000e+00,0.000000000000000000e+00,0.000000000000000000e+00,0.000000000000000000e+00,0.000000000000000000e+00
-5.841478057094382059e+00,-5.093651680085069522e+00,-5.799372805187607227e+00,-5.801024630806157489e+00,-9.693286660485160411e+00,-9.839485992172381401e+00
-4.677791796365020183e+00,-4.670436897347891581e+00,-4.672675593856950194e+00,-2.767404750361149190e+00,-6.355664308638928617e+00,-6.502955931570665982e+00
-5.401624563338853768e+00,-4.619965900401281189e+00,-5.383660644307055598e+00,-5.385842308109213050e+00,-9.554541405535637466e+00,-9.222235835788191949e+00
-4.597893956138618954e+00,-2.797105066913528226e+00,-4.498283290698259940e+00,-4.587539228298635585e+00,-9.214044085090982605e+00,-9.975201938585371408e+00
0.000000000000000000e+00,0.000000000000000000e+00,0.000000000000000000e+00,0.000000000000000000e+00,0.000000000000000000e+00,0.000000000000000000e+00
-4.655527949106744501e+00,-2.586602152210904837e+00,-4.567433363795914580e+00,-4.560573712890835019e+00,-9.447392670745847099e+00,-9.552528666410086799e+00
-3.566218838316534079e+00,4.931983557540612489e-02,-3.566613740389981579e+00,-3.601168706030398958e+00,-8.776962734335588934e+00,-8.868638445975205897e+00
-4.620957354323506294e+00,-4.610155009116697400e+00,-4.613843148619423573e+00,-2.805241235615233641e+00,-9.079533390775591073e+00,-7.910422264903621326e+00
-6.320676631221811448e+00,-6.294640760722183259e+00,-6.289857488854476486e+00,-5.190908686576539921e+00,-1.189046339312324818e+01,-9.023917150854908087e+00
0.000000000000000000e+00,0.000000000000000000e+00,0.000000000000000000e+00,0.000000000000000000e+00,0.000000000000000000e+00,0.000000000000000000e+00
-5.873747605610284417e+00,-5.872409342348347217e+00,-5.857211525052218981e+00,-4.994374121874467498e+00,-9.683017581178633648e+00,-1.027966860689860162e+01
-3.381752602840265354e+00,-3.831327627501075472e+00,-3.338111942508152907e+00,1.620036835380239015e+00,-8.328873288642562045e+00,-1.039564978502552250e+01
-2.481296194385234521e+00,-2.435866690073872132e+00,-2.471140923296658354e+00,4.240208662580231547e+00,-4.330770796728307559e+00,-2.887534903509657802e+00
-3.556213496942613794e+00,-3.593008805675329320e+00,-3.219391806294071401e+00,1.575729766450910452e+00,-9.525111799766015963e+00,-8.226772839383972524e+00
0.000000000000000000e+00,0.000000000000000000e+00,0.000000000000000000e+00,0.000000000000000000e+00,0.000000000000000000e+00,0.000000000000000000e+00
-2.802979414087303667e+00,-2.779875235346593421e+00,-2.840078569091699201e+00,4.647527336750134630e-01,-8.606144004099755662e+00,-7.344478591819918911e+00
-1.237053415174400595e+00,-1.200946402569820215e+00,-1.179036782926554228e+00,2.147080941672374621e+00,-4.776541878789999807e+00,-4.221715644271000656e+00
-2.553496547136576034e+00,-2.561877924534485818e+00,-2.556462352134754479e+00,7.963624421615111970e-01,-6.709840963891854138e+00,-8.665813445641076029e+00
-1.900000000000000022e-01,-3.123190000000000133e-01,-1.000000000000000056e-01,1.499449506501219354e+01,-1.000000000000000000e+00,-1.000000000000000000e+00
